City_ID,City,Country,Lat,Lng,Max Temp,Humidity,Cloudiness,Wind Speed,Current Description
0,Meulaboh,ID,4.1363,96.1285,83.48,76,70,3.89,broken clouds
1,Khatanga,RU,71.9667,102.5,-6.86,96,100,6.67,overcast clouds
2,Kodiak,US,57.79,-152.4072,26.11,74,100,19.57,light snow
3,Punta Arenas,CL,-53.15,-70.9167,59.11,44,100,5.99,overcast clouds
4,Namibe,AO,-15.1961,12.1522,70.86,83,100,6.26,overcast clouds
5,Saint-Joseph,RE,-21.3667,55.6167,79.11,71,0,7.0,clear sky
6,Sezemice,CZ,50.0665,15.8527,36.41,67,0,3.0,clear sky
7,Hilo,US,19.7297,-155.09,74.25,86,4,3.0,clear sky
8,Bluff,NZ,-46.6,168.3333,67.8,63,91,8.05,overcast clouds
9,Asosa,ET,10.0667,34.5333,58.93,49,0,6.2,clear sky
10,Santa Barbara,US,34.7333,-120.0343,54.41,47,0,4.61,clear sky
11,Bredasdorp,ZA,-34.5322,20.0403,59.29,75,52,6.4,broken clouds
12,Morales,CO,2.757,-76.6172,60.37,97,99,1.63,overcast clouds
13,Hermanus,ZA,-34.4187,19.2345,59.81,81,35,11.9,scattered clouds
14,Lamesa,US,32.7376,-101.951,33.06,35,0,9.26,clear sky
15,Deputatskiy,RU,69.3,139.9,-22.29,97,85,1.79,overcast clouds
16,Geraldton,AU,-28.7667,114.6,100.81,28,0,14.97,clear sky
17,Ilulissat,GL,69.2167,-51.1,21.22,49,100,19.57,overcast clouds
18,Barrow,US,71.2906,-156.7887,-5.78,77,100,17.27,overcast clouds
19,Ribeira Grande,PT,38.5167,-28.7,58.33,61,44,6.96,scattered clouds
20,Pringsewu,ID,-5.3582,104.9744,81.7,75,100,2.98,light rain
21,Bataipora,BR,-22.2953,-53.2711,71.35,99,100,5.14,overcast clouds
22,Airai,TL,-8.9266,125.4092,72.45,60,100,5.64,overcast clouds
23,New Norfolk,AU,-42.7826,147.0587,72.91,50,99,3.0,overcast clouds
24,Odweyne,SO,9.4092,45.064,61.39,47,64,10.11,broken clouds
25,Sarangani,PH,5.4033,125.4636,82.29,75,78,10.11,broken clouds
26,Chokurdakh,RU,70.6333,147.9167,-24.2,92,93,0.89,overcast clouds
27,Sterling,US,39.0062,-77.4286,32.34,94,100,8.99,overcast clouds
28,Domoni,KM,-12.2569,44.5319,79.25,79,77,0.89,broken clouds
29,Rikitea,PF,-23.1203,-134.9692,77.86,74,92,13.8,overcast clouds
30,Hithadhoo,MV,-0.6,73.0833,80.87,66,48,7.9,scattered clouds
31,Ushuaia,AR,-54.8,-68.3,51.46,82,40,5.75,scattered clouds
32,Ust-Maya,RU,60.4167,134.5333,-21.84,92,100,0.96,overcast clouds
33,Cayenne,GF,4.9333,-52.3333,74.08,91,90,6.91,overcast clouds
34,Shimoda,JP,34.6667,138.95,50.36,61,96,5.06,overcast clouds
35,Gushikawa,JP,26.3544,127.8686,64.4,95,0,13.8,light rain
36,Nanortalik,GL,60.1432,-45.2371,27.14,78,100,12.71,light snow
37,Sarany,RU,58.5,58.8833,5.56,97,100,1.52,overcast clouds
38,Dhemaji,IN,27.4833,94.5833,60.87,42,0,2.86,clear sky
39,Mahates,CO,10.2329,-75.1899,74.34,88,28,4.32,scattered clouds
40,Oranjestad,AW,12.524,-70.027,78.21,75,77,16.04,broken clouds
41,Mehamn,NO,71.0357,27.8492,24.21,65,100,4.97,overcast clouds
42,Ozark,US,37.0209,-93.206,26.38,53,0,1.95,clear sky
43,Mar Del Plata,AR,-38.0023,-57.5575,65.08,74,0,3.0,clear sky
44,Tuktoyaktuk,CA,69.4541,-133.0374,-14.6,92,72,16.35,broken clouds
45,Karabash,RU,55.4808,60.2157,7.66,99,100,2.98,overcast clouds
46,Albany,US,42.6001,-73.9662,20.16,70,100,3.0,overcast clouds
47,Busselton,AU,-33.65,115.3333,97.05,42,96,6.22,overcast clouds
48,Kathu,TH,7.9178,98.3332,91.62,70,9,2.75,clear sky
49,Raymondville,US,26.4815,-97.7831,52.38,58,75,6.53,broken clouds
50,Bima,ID,-8.4667,118.7167,85.05,71,98,3.13,overcast clouds
51,Hasaki,JP,35.7333,140.8333,46.8,65,100,6.64,overcast clouds
52,Port Moresby,PG,-9.4431,147.1797,84.94,65,100,10.8,overcast clouds
53,Sioux Lookout,CA,50.1001,-91.917,-14.21,100,76,2.98,broken clouds
54,Iqaluit,CA,63.7506,-68.5145,-11.67,95,100,7.23,overcast clouds
55,Kapaa,US,22.0752,-159.319,78.78,71,28,1.01,scattered clouds
56,Mataura,NZ,-46.1927,168.8643,68.49,24,75,7.23,broken clouds
57,Gizo,SB,-8.103,156.8419,85.05,68,66,8.68,broken clouds
58,Sobolevo,RU,54.4299,31.8996,28.22,95,100,15.1,light snow
59,Svobodnyy,RU,51.4,128.1333,5.27,71,76,11.34,broken clouds
60,Atuona,PF,-9.8,-139.0333,77.67,78,10,13.82,clear sky
61,Boyolangu,ID,-8.1181,111.8935,85.66,65,91,0.85,overcast clouds
62,Kargasok,RU,59.0556,80.8572,-4.76,99,91,5.23,overcast clouds
63,Hami,CN,42.8,93.45,24.55,44,1,4.76,clear sky
64,Jinxiang,CN,27.4327,120.6062,46.29,86,100,12.8,overcast clouds
65,Lorengau,PG,-2.0226,147.2712,82.08,76,99,3.0,overcast clouds
66,Talakan,RU,50.3167,130.3667,-4.32,82,89,5.41,overcast clouds
67,Dikson,RU,73.5069,80.5464,2.07,94,100,18.16,overcast clouds
68,Mahebourg,MU,-20.4081,57.7,84.25,77,3,9.19,clear sky
69,Sitka,US,57.0531,-135.33,38.66,96,100,7.09,moderate rain
70,Faanui,PF,-16.4833,-151.75,80.91,74,14,14.74,moderate rain
71,Cidreira,BR,-30.1811,-50.2056,69.39,75,20,12.15,few clouds
72,Jamestown,US,42.097,-79.2353,13.32,99,92,6.13,overcast clouds
73,Camacupa,AO,-12.0167,17.4833,61.41,97,100,3.24,overcast clouds
74,San Policarpo,PH,12.1791,125.5072,81.39,81,99,6.55,overcast clouds
75,Talnakh,RU,69.4865,88.3972,-0.8,95,100,10.36,light snow
76,Dunedin,NZ,-45.8742,170.5036,69.8,56,100,5.99,overcast clouds
77,Salalah,OM,17.0151,54.0924,71.46,47,19,3.65,few clouds
78,Bethel,US,41.3712,-73.414,30.29,87,100,3.0,overcast clouds
79,Torbay,CA,47.6666,-52.7314,30.27,88,50,3.0,scattered clouds
80,Palana,RU,59.1167,159.9667,29.97,66,99,17.67,overcast clouds
81,Sorland,NO,67.667,12.6934,33.13,73,100,29.82,light snow
82,Beipiao,CN,41.7919,120.7792,25.74,23,0,10.96,clear sky
83,Coquimbo,CL,-29.9533,-71.3436,63.5,84,16,4.79,few clouds
84,Adrar,MR,20.5022,-10.0711,70.68,12,100,4.7,overcast clouds
85,Codrington,AU,-38.2667,141.9667,66.25,70,100,14.23,overcast clouds
86,Gornopravdinsk,RU,60.05,69.9,-7.31,100,99,4.16,overcast clouds
87,Nikolskoye,RU,59.7035,30.7861,24.69,97,97,5.93,light snow
88,Hobart,AU,-42.8794,147.3294,73.27,68,75,1.01,broken clouds
89,Qingdao,CN,36.0986,120.3719,35.22,36,7,6.15,clear sky
90,Qaanaaq,GL,77.484,-69.3632,-13.32,62,74,7.87,broken clouds
91,Port Lincoln,AU,-34.7333,135.8667,72.73,63,81,14.9,broken clouds
92,Saint-Philippe,RE,-21.3585,55.7679,80.11,76,0,6.69,clear sky
93,Skibbereen,IE,51.55,-9.2667,51.6,90,100,19.39,overcast clouds
94,Longyearbyen,SJ,78.2186,15.6401,10.24,72,0,13.8,clear sky
95,East London,ZA,-33.0153,27.9116,65.64,79,4,8.34,clear sky
96,San Quintin,MX,30.4833,-115.95,59.16,55,26,0.94,scattered clouds
97,Touros,BR,-5.1989,-35.4608,76.44,82,100,8.05,moderate rain
98,Manitouwadge,CA,49.1215,-85.8403,-12.8,100,44,0.78,scattered clouds
99,Araouane,ML,18.9048,-3.5265,65.19,17,32,11.07,scattered clouds
100,Finschhafen,PG,-6.6024,147.8681,81.23,83,100,11.48,light rain
101,Pevek,RU,69.7008,170.3133,-10.93,99,100,2.28,overcast clouds
102,Ginir,ET,7.1333,40.7,56.07,34,98,5.35,overcast clouds
103,Buchanan,LR,5.8808,-10.0467,78.8,81,60,1.59,light rain
104,Hervey Bay,AU,-25.2986,152.8535,89.04,63,2,7.0,clear sky
105,Namatanai,PG,-3.6667,152.4333,84.92,71,100,5.88,light rain
106,Saldanha,ZA,-33.0117,17.9442,61.07,81,0,10.71,clear sky
107,Tasiilaq,GL,65.6145,-37.6368,14.16,68,66,6.2,broken clouds
108,Laguna,US,38.421,-121.4238,54.1,78,0,0.0,clear sky
109,Kyaikkami,MM,16.08,97.5675,80.2,56,25,4.41,scattered clouds
110,Upata,VE,8.0086,-62.3989,71.19,82,29,3.51,scattered clouds
111,Itarema,BR,-2.9248,-39.9167,73.74,82,100,3.44,overcast clouds
112,Yulara,AU,-25.2406,130.9889,93.04,33,61,21.85,broken clouds
113,Sur,OM,22.5667,59.5289,71.38,47,0,2.01,clear sky
114,Lyaskelya,RU,61.7667,31.0167,6.89,99,68,3.58,broken clouds
115,Marrakesh,MA,31.6315,-8.0083,55.47,47,40,2.3,scattered clouds
116,Tabou,CI,4.423,-7.3528,78.53,83,60,1.66,broken clouds
117,Matay,EG,28.419,30.7792,45.12,65,9,4.27,clear sky
118,Kahului,US,20.8947,-156.47,77.02,70,0,6.91,clear sky
119,Alofi,NU,-19.0595,-169.9187,82.51,73,70,10.98,light rain
120,Clyde River,CA,70.4692,-68.5914,-9.17,84,100,29.93,snow
121,Campos Belos,BR,-13.0367,-46.7717,65.73,98,100,1.72,overcast clouds
122,Vieksniai,LT,56.2333,22.5167,29.17,80,99,6.46,overcast clouds
123,Vagur,FO,61.4732,-6.8119,43.34,96,100,12.57,overcast clouds
124,Rzhev,RU,56.2624,34.3282,22.66,98,100,0.78,light snow
125,Madang,PG,-5.2246,145.7966,77.5,91,100,4.65,overcast clouds
126,Kuzino,RU,57.0224,59.4412,5.25,97,100,3.49,overcast clouds
127,Port Alfred,ZA,-33.5906,26.891,66.45,81,91,5.61,light rain
128,Biltine,TD,14.5333,20.9167,57.15,16,23,12.59,few clouds
129,Tiksi,RU,71.6872,128.8694,-10.07,99,33,6.49,scattered clouds
130,Kushiro,JP,42.975,144.3747,26.96,56,3,16.37,clear sky
131,Rio Grande,BR,-32.035,-52.0986,67.95,64,4,10.27,clear sky
132,Katsuura,JP,35.1333,140.3,44.71,94,100,10.98,overcast clouds
133,Acapulco,MX,16.8634,-99.8901,78.62,83,40,2.3,scattered clouds
134,Aswan,EG,24.0934,32.907,44.53,52,0,8.99,clear sky
135,Nuevo Casas Grandes,MX,30.4167,-107.9167,37.74,51,67,3.0,broken clouds
136,Matara,LK,5.9485,80.5353,82.63,68,11,1.88,few clouds
137,Butaritari,KI,3.0707,172.7902,81.64,80,55,16.33,broken clouds
138,Saint-Gaudens,FR,43.0833,0.6667,41.13,59,70,4.36,broken clouds
139,Richmond Hill,CA,43.8711,-79.4372,4.64,64,84,5.48,broken clouds
140,Mandalgovi,MN,45.7625,106.2708,5.92,82,100,6.78,overcast clouds
141,Lagoa,PT,39.05,-27.9833,57.9,55,18,12.15,few clouds
142,Cape Town,ZA,-33.9258,18.4232,64.35,75,4,3.0,clear sky
143,Ahipara,NZ,-35.1667,173.1667,74.93,51,100,7.31,overcast clouds
144,Maniitsoq,GL,65.4167,-52.9,13.21,87,100,18.57,snow
145,Olonets,RU,60.9847,32.9698,-1.23,100,95,3.09,overcast clouds
146,Paamiut,GL,61.994,-49.6678,21.88,83,100,26.26,light snow
147,Castro,BR,-24.7911,-50.0119,59.05,99,100,8.7,overcast clouds
148,Gat,IL,31.61,34.7642,47.08,100,99,7.27,overcast clouds
149,Apricena,IT,41.7839,15.4437,44.73,53,26,17.11,scattered clouds
150,Kaitangata,NZ,-46.2817,169.8464,64.92,72,99,6.73,overcast clouds
151,Udachnyy,RU,66.4167,112.4,-20.87,100,82,4.09,broken clouds
152,Puerto Ayora,EC,-0.7393,-90.3518,73.54,94,71,6.78,broken clouds
153,Vardo,NO,70.3705,31.1107,32.18,58,100,20.89,light snow
154,Urengoy,RU,65.9667,78.3667,-3.17,99,98,6.76,overcast clouds
155,Walla Walla,US,46.0646,-118.343,31.46,85,64,1.99,broken clouds
156,Panama City,PA,8.9936,-79.5197,77.16,78,12,4.45,few clouds
157,Lata,PT,40.1629,-8.3327,48.72,57,0,5.7,clear sky
158,Sangar,RU,63.9242,127.4739,-23.3,97,92,0.96,overcast clouds
159,Yellowknife,CA,62.456,-114.3525,-7.58,87,88,5.99,overcast clouds
160,Quatre Cocos,MU,-20.2078,57.7625,84.09,77,5,9.86,clear sky
161,Leningradskiy,RU,69.3833,178.4167,-10.3,91,54,3.27,broken clouds
162,Bambous Virieux,MU,-20.3428,57.7575,84.22,78,4,9.46,clear sky
163,Bonfim,BR,3.0833,-59.95,80.22,57,96,8.3,overcast clouds
164,Atar,MR,20.5169,-13.0499,69.62,25,100,7.72,overcast clouds
165,Umm Lajj,SA,25.0213,37.2685,59.83,47,0,10.0,clear sky
166,Allende,MX,25.2833,-100.0167,52.75,89,98,1.97,overcast clouds
167,Selma,US,36.5708,-119.6121,53.98,52,95,2.8,overcast clouds
168,Hailar,CN,49.2,119.7,-1.91,83,15,6.42,few clouds
169,Pochutla,MX,15.7432,-96.4661,76.82,90,2,4.0,clear sky
170,Bengkulu,ID,-3.8004,102.2655,82.81,68,100,2.46,moderate rain
171,Saint George,US,37.1041,-113.5841,47.35,26,0,3.0,clear sky
172,Shingu,JP,33.7333,135.9833,53.29,35,88,7.18,overcast clouds
173,Ust-Ilimsk,RU,58.0006,102.6619,-0.67,95,94,2.59,overcast clouds
174,Bethanien,NA,-26.502,17.1583,76.75,36,68,3.18,broken clouds
175,Redmond,US,47.674,-122.1215,43.34,74,96,1.99,overcast clouds
176,Cabo San Lucas,MX,22.8909,-109.9124,67.95,59,10,3.0,clear sky
177,Merritt,CA,50.1123,-120.7942,22.44,93,100,1.57,overcast clouds
178,Guarapari,BR,-20.6667,-40.4975,78.69,88,85,12.5,overcast clouds
179,Saskylakh,RU,71.9167,114.0833,-3.8,94,100,5.06,overcast clouds
180,Mushie,CD,-3.0167,16.9,73.29,81,100,2.44,overcast clouds
181,Suez,EG,29.9737,32.5263,48.13,66,7,2.77,clear sky
182,Ostrovnoy,RU,68.0531,39.5131,13.5,92,98,9.46,overcast clouds
183,Antalaha,MG,-14.9003,50.2788,75.36,78,87,4.76,overcast clouds
184,Constitucion,CL,-35.3333,-72.4167,56.39,93,7,3.87,clear sky
185,Krasnoselkup,RU,65.7,82.4667,3.6,96,100,10.04,overcast clouds
186,Souillac,MU,-20.5167,57.5167,84.36,77,4,8.48,clear sky
187,Isiolo,KE,0.3546,37.5822,67.68,59,57,4.65,broken clouds
188,Avarua,CK,-21.2078,-159.775,82.45,74,40,13.8,scattered clouds
189,Hamilton,US,39.1834,-84.5333,16.39,85,0,1.99,clear sky
190,Saint-Pierre,RE,-21.3393,55.4781,80.19,61,0,3.44,clear sky
191,Upernavik,GL,72.7868,-56.1549,9.12,71,100,3.36,overcast clouds
192,Botevgrad,BG,42.9,23.7833,33.98,89,46,4.61,scattered clouds
193,Kiyasovo,RU,56.3491,53.1244,9.66,94,100,4.61,overcast clouds
194,Kavieng,PG,-2.5744,150.7967,83.28,73,100,3.04,light rain
195,Chuy,UY,-33.6971,-53.4616,63.88,79,0,4.76,clear sky
196,Bandarbeyla,SO,9.4942,50.8122,72.77,72,94,16.67,light rain
197,Kalmunai,LK,7.4167,81.8167,80.65,78,28,4.7,scattered clouds
198,Havre-Saint-Pierre,CA,50.2334,-63.5986,0.39,80,62,7.56,broken clouds
199,Grindavik,IS,63.8424,-22.4338,27.07,68,75,19.57,broken clouds
200,Haines Junction,CA,60.7522,-137.5108,20.86,97,100,2.26,light snow
201,Ust-Karsk,RU,52.7011,118.8077,2.46,80,49,1.97,scattered clouds
202,Ballina,AU,-28.8667,153.5667,84.38,75,23,10.87,few clouds
203,Rokytnice Nad Jizerou,CZ,50.7256,15.4336,34.07,93,100,4.27,light snow
204,Kutahya,TR,39.4242,29.9833,19.35,96,74,2.89,broken clouds
205,Nador,MA,35.174,-2.9287,57.45,88,75,12.66,broken clouds
206,Thompson,CA,55.7435,-97.8558,-1.71,98,100,2.59,light snow
207,Acari,PE,-15.4311,-74.6158,70.93,76,46,3.11,scattered clouds
208,Cananea,MX,30.95,-110.3,41.77,44,98,11.23,overcast clouds
209,Mahanje,TZ,-9.9333,35.3333,64.65,98,100,1.34,light rain
210,Tuatapere,NZ,-46.1333,167.6833,68.83,47,100,1.54,overcast clouds
211,Nova Odesa,UA,47.3078,31.7851,32.9,87,95,15.9,overcast clouds
212,Ponta Do Sol,PT,32.6667,-17.1,61.43,47,67,4.47,broken clouds
213,Nuevo Ideal,MX,24.8875,-105.0728,45.21,80,49,3.11,scattered clouds
214,Victoria,HK,22.2855,114.1577,70.97,81,97,10.0,overcast clouds
215,Sergeyevka,KZ,53.88,67.4158,2.34,85,100,6.33,overcast clouds
216,Wonthaggi,AU,-38.6044,145.5913,75.06,72,38,9.93,scattered clouds
217,Nadym,RU,65.5333,72.5167,-8.93,96,71,8.3,broken clouds
218,Tairua,NZ,-37.0167,175.85,72.09,64,53,7.72,broken clouds
219,Halifax,CA,44.6453,-63.5724,32.49,93,100,3.0,overcast clouds
220,Arraial Do Cabo,BR,-22.9661,-42.0278,75.6,92,98,5.46,overcast clouds
221,Dingle,PH,10.9995,122.6711,87.06,64,76,4.59,broken clouds
222,Samarai,PG,-10.6167,150.6667,85.62,65,100,5.53,light rain
223,Komsomolskiy,UZ,40.4272,71.7189,34.52,86,100,6.91,mist
224,Berezovyy,RU,51.6667,135.7,1.71,77,27,2.13,scattered clouds
225,Antipovka,RU,49.8299,45.3122,14.65,96,98,7.96,snow
226,Cedar City,US,37.6775,-113.0619,27.57,50,0,3.44,clear sky
227,Filadelfia,US,39.9523,-75.1638,31.17,92,100,1.99,snow
228,Vaini,TO,-21.2,-175.2,82.69,78,100,16.73,light rain
229,Nova Olinda Do Norte,BR,-3.8881,-59.0942,73.76,98,100,0.22,light rain
230,Barreirinhas,BR,-2.7469,-42.8264,73.94,83,100,7.58,overcast clouds
231,Port Elizabeth,ZA,-33.918,25.5701,65.1,78,99,1.88,overcast clouds
232,Cravo Norte,CO,6.3017,-70.2041,79.34,41,65,6.2,broken clouds
233,Carnarvon,AU,-24.8667,113.6333,86.07,62,1,19.57,clear sky
234,Guerrero Negro,MX,27.9769,-114.0611,65.1,41,6,1.05,clear sky
235,Evensk,RU,61.95,159.2333,18.37,80,100,28.19,overcast clouds
236,Aklavik,CA,68.2191,-135.0107,-24.2,88,6,6.35,clear sky
237,Rudnichnyy,RU,59.617,52.4703,13.06,96,100,5.28,overcast clouds
238,Skwierzyna,PL,52.5991,15.5065,35.92,88,100,10.13,overcast clouds
239,Saint Stephen,GB,50.3333,-4.9,50.14,100,100,20.71,overcast clouds
240,Sagua La Grande,CU,22.8067,-80.0756,67.19,72,87,9.44,overcast clouds
241,Caravelas,BR,-17.7125,-39.2481,75.43,94,40,6.24,scattered clouds
242,Bom Conselho,BR,-9.1697,-36.6797,70.65,80,98,7.36,moderate rain
243,Provideniya,RU,64.3833,-173.3,-0.94,97,15,3.31,few clouds
244,Gonen,TR,40.1049,27.654,33.76,91,100,2.66,overcast clouds
245,Lodwar,KE,3.1191,35.5973,81.0,39,85,7.78,overcast clouds
246,Baykit,RU,61.67,96.37,-3.78,98,100,2.59,overcast clouds
247,Tura,IN,25.5198,90.2201,65.91,35,0,2.68,clear sky
248,Monastyrshchina,RU,54.3496,31.838,28.02,95,100,15.43,light snow
249,Mangrol,IN,21.1167,70.1167,68.99,31,25,9.95,scattered clouds
250,Marsaxlokk,MT,35.8419,14.5431,55.08,76,75,16.11,broken clouds
251,Tabas,IR,33.5959,56.9244,42.87,36,0,0.72,clear sky
252,Shimanovsk,RU,52.0,127.7,6.42,72,87,10.45,overcast clouds
253,Conway,US,35.0887,-92.4421,34.93,43,75,1.01,broken clouds
254,Wake Forest,US,35.9799,-78.5097,39.31,79,100,5.01,overcast clouds
255,Amberley,US,39.2048,-84.428,16.02,85,0,4.0,clear sky
256,Georgetown,MY,5.4112,100.3354,89.53,66,20,3.44,haze
257,Narsaq,GL,60.9167,-46.05,19.62,93,100,5.64,snow
258,Port Stanley,FK,-51.7,-57.85,48.49,78,100,2.17,overcast clouds
259,Vila Franca Do Campo,PT,37.7167,-25.4333,58.19,87,29,8.79,scattered clouds
260,Alice Springs,AU,-23.7,133.8833,76.55,94,100,6.91,light intensity shower rain
261,Taunggyi,MM,20.7833,97.0333,63.46,21,65,4.34,broken clouds
262,Anadyr,RU,64.75,177.4833,-5.01,83,100,1.45,overcast clouds
263,Crixas,BR,-14.5489,-49.9692,69.19,95,100,4.03,overcast clouds
264,Payo,ID,-3.7508,103.6372,86.23,64,98,3.44,overcast clouds
265,Kattivakkam,IN,13.2167,80.3167,78.89,85,96,14.94,overcast clouds
266,Wajima,JP,37.4,136.9,37.98,81,100,8.14,overcast clouds
267,Mount Gambier,AU,-37.8333,140.7667,72.39,54,46,13.18,scattered clouds
268,Mocajuba,BR,-2.5842,-49.5072,71.89,98,100,2.86,moderate rain
269,Cherskiy,RU,68.75,161.3,-11.11,95,100,2.84,overcast clouds
270,Oriximina,BR,-1.7656,-55.8661,74.61,94,99,2.84,light rain
271,Praia Da Vitoria,PT,38.7333,-27.0667,56.75,88,19,10.71,few clouds
272,Bendorf,DE,50.4333,7.5667,44.76,90,100,9.73,overcast clouds
273,Kenai,US,60.5544,-151.2583,28.45,80,100,19.57,overcast clouds
274,Pangnirtung,CA,66.1451,-65.7125,-11.56,100,100,2.82,overcast clouds
275,Half Moon Bay,US,37.4636,-122.4286,58.24,65,0,3.44,clear sky
276,Marienburg,PL,54.0359,19.0266,33.46,79,100,8.14,overcast clouds
277,Svetlogorsk,BY,52.6333,29.7333,28.11,89,100,16.2,overcast clouds
278,Zhangzhou,CN,24.5133,117.6556,61.93,68,95,3.02,overcast clouds
279,Mount Isa,AU,-20.7333,139.5,76.77,100,75,5.75,light intensity shower rain
280,Carballo,ES,43.213,-8.691,40.87,76,0,3.67,clear sky
281,Shelburne,CA,44.0787,-80.2041,-1.44,84,74,4.05,broken clouds
282,Cockburn Town,TC,21.4612,-71.1419,78.01,76,7,7.85,clear sky
283,Lipari,IT,38.4674,14.954,48.56,63,62,20.42,broken clouds
284,Sistranda,NO,63.7256,8.834,43.9,90,100,28.48,overcast clouds
285,Lhokseumawe,ID,5.1801,97.1507,84.78,68,7,3.98,clear sky
286,Anloga,GH,5.7947,0.8973,78.89,77,26,0.47,scattered clouds
287,Wana,PK,32.2989,69.5725,46.92,40,0,3.09,clear sky
288,Batagay-Alyta,RU,67.8006,130.4114,-4.5,94,98,4.32,overcast clouds
289,Port Augusta,AU,-32.5,137.7667,94.71,34,0,14.88,clear sky
290,Salvador,SV,13.8333,-88.9167,73.8,63,97,2.21,overcast clouds
291,Dodge City,US,37.7528,-100.0171,35.26,59,0,5.01,clear sky
292,Naze,JP,28.3667,129.4833,55.29,83,100,9.01,overcast clouds
293,Antalya,TR,36.7741,30.7178,37.09,69,0,5.75,clear sky
294,Port Keats,AU,-14.25,129.55,85.84,72,96,15.73,light rain
295,Conceicao Do Araguaia,BR,-8.2578,-49.2647,70.97,98,89,3.47,overcast clouds
296,Uige,AO,-7.6087,15.0613,65.25,99,100,1.86,light rain
297,Ilhabela,BR,-23.7781,-45.3581,74.21,95,100,6.71,overcast clouds
298,Maua,BR,-23.6678,-46.4614,69.1,94,100,4.34,overcast clouds
299,Lokoja,NG,7.8024,6.743,73.35,24,100,0.18,overcast clouds
300,Karratha,AU,-20.7377,116.8463,91.35,45,50,15.28,scattered clouds
301,Bukachacha,RU,52.9833,116.9167,7.2,68,4,2.62,clear sky
302,Ust-Kan,RU,50.9276,84.761,3.76,76,52,3.83,broken clouds
303,Faya,SA,18.3851,42.4509,50.52,91,36,6.55,scattered clouds
304,Yar-Sale,RU,66.8333,70.8333,-8.34,98,98,7.47,overcast clouds
305,Linjiang,CN,41.8069,126.9078,17.29,62,55,4.59,broken clouds
306,Santa Maria,BR,-29.6842,-53.8069,63.81,77,0,7.87,clear sky
307,Kampot,KH,10.6167,104.1833,84.25,58,37,3.87,scattered clouds
308,Hangzhou,CN,30.2937,120.1614,37.31,95,100,3.24,light rain
309,Isangel,VU,-19.55,169.2667,78.91,94,100,4.61,heavy intensity rain
310,Daitari,IN,21.1,85.75,64.63,38,1,1.41,clear sky
311,Tabuk,PH,17.4189,121.4443,80.06,79,100,2.21,overcast clouds
312,Azul,AR,-36.777,-59.8585,59.38,78,0,5.97,clear sky
313,Camocim,BR,-2.9022,-40.8411,73.2,86,100,6.26,overcast clouds
314,Vao,NC,-22.6667,167.4833,77.92,88,100,23.2,light rain
315,Petropavlovsk-Kamchatskiy,RU,53.0452,158.6483,25.39,100,100,2.24,mist
316,Padang,ID,-0.9492,100.3543,85.77,67,88,4.68,overcast clouds
317,Sao Filipe,CV,14.8961,-24.4956,70.5,70,87,10.8,overcast clouds
318,Chancay,PE,-11.5714,-77.2672,72.32,85,100,5.82,overcast clouds
319,Lichuan,CN,30.3,108.85,33.28,90,100,1.59,light snow
320,Emba,KZ,48.8264,58.1442,8.38,95,98,2.44,overcast clouds
321,Shahr-E Kord,IR,32.3256,50.8644,23.58,54,0,3.98,clear sky
322,Portland,US,45.5234,-122.6762,41.2,68,0,1.01,clear sky
323,Kununurra,AU,-15.7667,128.7333,91.38,62,75,11.5,broken clouds
324,Fianarantsoa,MG,-21.4333,47.0833,62.04,84,0,1.01,clear sky
325,Marzuq,YE,14.4,46.4667,59.16,29,15,2.48,few clouds
326,The Pas,CA,53.8251,-101.2541,3.22,78,100,13.8,overcast clouds
327,Fortuna,US,40.5982,-124.1573,46.09,88,0,8.05,clear sky
328,Thinadhoo,MV,0.5333,72.9333,80.62,67,64,8.7,broken clouds
329,Paulista,BR,-7.9408,-34.8731,73.26,81,100,8.63,moderate rain
330,Khash,IR,28.2211,61.2158,47.32,64,0,3.51,clear sky
331,Brigantine,US,39.4101,-74.3646,32.14,97,100,12.66,snow
332,Shestakovo,RU,56.4915,103.96,-0.18,97,100,2.55,overcast clouds
333,Ust-Omchug,RU,61.15,149.6333,0.41,94,100,8.37,overcast clouds
334,Ugoofaaru,MV,5.6667,73.0,82.31,71,49,21.52,scattered clouds
335,Maceio,BR,-9.6658,-35.7353,78.24,83,40,11.5,moderate rain
336,Aksay,RU,47.26,39.87,35.26,98,100,13.0,overcast clouds
337,Cutro,IT,39.0353,16.9819,43.86,64,98,23.35,overcast clouds
338,Kalanguy,RU,51.0167,116.5167,3.96,78,9,3.2,clear sky
339,Pierre,US,44.3683,-100.351,38.28,55,0,6.91,clear sky
340,Husavik,IS,66.0449,-17.3389,25.52,95,100,27.72,snow
341,Lebu,CL,-37.6167,-73.65,57.7,92,4,4.72,clear sky
342,Dublin,US,37.7021,-121.9358,57.16,74,0,4.61,clear sky
343,Pauini,BR,-7.7136,-66.9764,73.2,98,100,2.06,heavy intensity rain
344,Pacific Grove,US,36.6177,-121.9166,56.28,50,0,1.99,clear sky
345,Peniche,PT,39.3558,-9.3811,53.46,45,0,13.13,clear sky
346,Shiyan,CN,32.6475,110.7781,38.86,74,100,1.88,overcast clouds
347,Ancud,CL,-41.8697,-73.8203,52.43,84,0,2.71,clear sky
348,Ravar,IR,31.2656,56.8055,42.51,30,98,1.99,overcast clouds
349,Hambantota,LK,6.1241,81.1185,80.94,83,20,5.75,few clouds
350,Byron Bay,AU,-28.65,153.6167,84.31,71,43,11.03,scattered clouds
351,Comodoro Rivadavia,AR,-45.8667,-67.5,60.66,88,40,4.61,scattered clouds
352,Rio Gallegos,AR,-51.6226,-69.2181,55.65,86,96,13.31,overcast clouds
353,Naryan-Mar,RU,67.6713,53.087,4.32,93,100,11.86,overcast clouds
354,Ambovombe,MG,-25.1667,46.0833,74.08,68,0,5.14,clear sky
355,Ewa Beach,US,21.3156,-158.0072,76.69,70,40,4.61,scattered clouds
356,Arua,UG,3.0201,30.9111,63.1,40,11,6.29,few clouds
357,Turukhansk,RU,65.8167,87.9833,-0.83,95,100,11.23,overcast clouds
358,Ust-Nera,RU,64.5667,143.2,-6.38,99,100,2.21,overcast clouds
359,Uvira,CD,-3.4067,29.1458,72.37,83,95,4.52,overcast clouds
360,Vila,PT,42.0304,-8.1588,34.68,51,0,5.14,clear sky
361,La Primavera,CO,5.4906,-70.4092,78.91,41,89,5.93,overcast clouds
362,Magadan,RU,59.5667,150.8,12.88,76,96,16.31,overcast clouds
363,Svetlaya,RU,46.5389,138.3297,9.82,51,92,9.51,overcast clouds
364,Valparaiso,CL,-33.0393,-71.6273,60.44,72,0,3.44,clear sky
365,Erenhot,CN,43.6475,111.9767,7.32,80,10,7.34,clear sky
366,Boueni,YT,-12.9025,45.0761,78.78,70,98,5.37,overcast clouds
367,Vokhma,RU,58.9303,46.7586,10.26,98,100,6.44,overcast clouds
368,Vila Velha,BR,-20.3297,-40.2925,78.75,85,0,1.99,clear sky
369,Kirakira,SB,-10.4544,161.9205,83.48,75,99,8.55,overcast clouds
370,Esperance,AU,-33.8667,121.9,79.5,43,0,13.65,clear sky
371,Tefe,BR,-3.3542,-64.7114,72.28,99,100,1.86,heavy intensity rain
372,Lompoc,US,34.6391,-120.4579,57.92,62,0,4.61,clear sky
373,Olga,RU,43.7444,135.2892,14.68,39,71,13.98,broken clouds
374,Jalu,LY,29.0331,21.5482,50.13,80,61,7.94,broken clouds
375,Nanakuli,US,21.3906,-158.1547,76.71,68,100,6.91,overcast clouds
376,Abu Kamal,SY,34.4506,40.9171,43.07,80,16,8.97,few clouds
377,Kavaratti,IN,10.5669,72.642,80.67,72,7,10.65,clear sky
378,Tazovskiy,RU,67.4667,78.7,-5.15,100,99,4.81,overcast clouds
379,Eregli,TR,37.5133,34.0467,9.7,70,4,3.29,clear sky
380,Lerwick,GB,60.1545,-1.1494,50.0,92,100,35.41,overcast clouds
381,Leh,IN,34.1667,77.5833,2.66,86,53,2.55,broken clouds
382,San Julian,MX,21.0167,-102.1667,55.0,50,44,9.66,scattered clouds
383,Santa Luzia,BR,-19.7697,-43.8514,68.9,91,100,2.77,overcast clouds
384,Handan,CN,36.6006,114.4678,39.67,48,8,2.71,clear sky
385,Goderich,CA,43.7501,-81.7165,-0.09,96,75,8.08,broken clouds
386,Severo-Kurilsk,RU,50.6789,156.125,23.25,73,100,25.77,overcast clouds
387,Kulhudhuffushi,MV,6.6221,73.07,81.77,73,55,19.66,broken clouds
388,Irati,BR,-25.4672,-50.6511,59.07,99,100,3.87,overcast clouds
389,Porto Novo,BJ,6.4965,2.6036,72.59,84,4,1.28,clear sky
390,Bukan,IR,36.521,46.2089,8.42,95,34,5.77,scattered clouds
391,Poquoson,US,37.1224,-76.3458,34.09,93,100,3.0,snow
392,Labuhan,ID,-6.8844,112.2051,85.14,68,98,6.91,overcast clouds
393,Lahat,ID,-3.8,103.5333,86.27,64,100,3.31,overcast clouds
394,Snezhnogorsk,RU,69.1933,33.2531,15.58,96,100,7.47,overcast clouds
395,Kruisfontein,ZA,-34.0033,24.7314,62.89,84,96,1.59,light rain
396,Beyneu,KZ,45.3167,55.2,27.59,83,100,13.24,overcast clouds
397,Bathsheba,BB,13.2167,-59.5167,76.05,82,40,6.91,scattered clouds
398,Sembe,CG,1.6481,14.5806,67.95,39,63,0.27,broken clouds
399,Datong,CN,40.0936,113.2914,23.92,35,0,3.53,clear sky
400,Kanlagay,PH,5.8757,121.2915,84.04,72,83,3.71,broken clouds
401,Vikulovo,RU,56.8167,70.6107,0.84,99,100,3.38,overcast clouds
402,At-Bashi,KG,41.1702,75.8106,13.15,80,100,3.24,overcast clouds
403,San Nicola,IT,40.6116,8.991,33.26,94,23,2.98,few clouds
404,Bachatskiy,RU,54.2927,86.1285,7.29,93,93,2.17,overcast clouds
405,Port Hardy,CA,50.6996,-127.4199,45.75,85,100,11.86,overcast clouds
406,Jumla,NP,29.2747,82.1838,50.16,21,0,1.5,clear sky
407,The Valley,AI,18.217,-63.0578,76.1,67,0,15.12,clear sky
408,Mahina,PF,-17.5065,-149.489,82.17,69,75,5.75,broken clouds
409,Union De San Antonio,MX,21.1,-101.9667,57.11,68,39,7.65,scattered clouds
410,Gilgit,PK,35.9221,74.3087,28.74,66,35,1.66,scattered clouds
411,Eureka,US,40.8021,-124.1637,46.36,83,35,4.18,scattered clouds
412,Garowe,SO,8.4054,48.4845,63.63,82,64,7.14,broken clouds
413,Port-Gentil,GA,-0.7193,8.7815,79.72,84,100,10.0,overcast clouds
414,Knoxville,US,35.9606,-83.9207,32.11,87,75,5.75,broken clouds
415,Batangafo,CF,7.3008,18.2833,65.68,29,18,4.63,few clouds
416,Kalangala,UG,-0.3089,32.225,71.92,52,98,6.64,overcast clouds
417,Rocha,UY,-34.4833,-54.3333,58.57,80,0,3.15,clear sky
418,Ngunguru,NZ,-35.6167,174.5,72.16,65,100,12.71,overcast clouds
419,Kralendijk,BQ,12.15,-68.2667,75.18,83,100,3.44,overcast clouds
420,Ko Samui,TH,9.5357,99.9357,79.77,76,7,2.3,clear sky
421,Sechura,PE,-5.5569,-80.8222,72.81,74,100,9.84,overcast clouds
422,Chicama,PE,-7.8447,-79.1469,64.94,78,92,5.37,overcast clouds
423,Chadiza,ZM,-14.0678,32.4392,65.57,96,100,1.81,light rain
424,Los Llanos De Aridane,ES,28.6585,-17.9182,55.15,63,20,10.36,few clouds
425,Nyurba,RU,63.2842,118.3319,-10.35,98,87,4.16,overcast clouds
426,Chapeco,BR,-27.0964,-52.6183,62.8,82,99,3.98,overcast clouds
427,Rundu,NA,-17.9333,19.7667,66.18,96,100,7.85,light rain
428,Imeni Poliny Osipenko,RU,52.4201,136.4853,-7.46,81,33,1.01,scattered clouds
429,El Alto,PE,-4.2714,-81.2147,70.36,83,100,5.12,overcast clouds
430,Luderitz,NA,-26.6481,15.1594,66.42,75,0,20.49,clear sky
431,Hofn,IS,64.2539,-15.2082,29.03,54,54,25.68,broken clouds
432,Kieta,PG,-6.2167,155.6333,84.54,74,66,6.82,light rain
433,Gleisdorf,AT,47.1061,15.7127,29.86,72,87,4.09,overcast clouds
434,Natchitoches,US,31.7668,-93.1335,42.78,49,0,3.44,clear sky
435,Uyemskiy,RU,64.4743,40.8524,15.85,86,75,4.47,light shower snow
436,Lake Havasu City,US,34.4839,-114.3224,60.24,13,0,4.0,clear sky
437,Mahdasht,IR,35.7299,50.8111,34.02,43,86,3.83,overcast clouds
438,Guangyuan,CN,32.442,105.823,45.79,52,8,2.98,clear sky
439,Kaka,TM,37.3482,59.6143,40.62,72,86,9.57,overcast clouds
440,Atasu,KZ,48.6814,71.6433,15.21,76,100,9.4,overcast clouds
441,Dolores,AR,-36.3132,-57.6792,58.82,77,0,6.51,clear sky
442,Hirara,JP,24.8,125.2833,67.26,91,100,13.09,overcast clouds
443,Sakakah,SA,29.9697,40.2064,41.43,58,24,4.76,few clouds
444,Hobyo,SO,5.3505,48.5268,78.1,66,99,19.13,overcast clouds
445,Henties Bay,NA,-22.116,14.2845,62.85,83,99,1.68,overcast clouds
446,Harper,LR,4.375,-7.7169,78.4,82,67,2.68,broken clouds
447,Makat,KZ,47.6469,53.3463,23.41,93,98,13.31,overcast clouds
448,Bulawayo,ZW,-20.15,28.5833,62.08,97,95,4.41,overcast clouds
449,Ninghai,CN,29.2892,121.4247,44.73,97,100,5.14,overcast clouds
450,Metu,ET,8.3,35.5833,55.04,69,1,2.71,clear sky
451,Santa Cruz Del Sur,CU,20.7147,-77.9956,72.27,78,0,6.78,moderate rain
452,Aguilas,ES,37.4063,-1.5829,50.41,45,0,6.49,clear sky
453,Kuruman,ZA,-27.4524,23.4325,67.44,60,4,8.14,clear sky
454,Lisakovsk,KZ,52.5369,62.4936,2.1,90,100,4.43,overcast clouds
455,Luganville,VU,-15.5333,167.1667,81.0,85,100,13.31,moderate rain
456,General Pico,AR,-35.6566,-63.7568,64.47,65,0,8.16,clear sky
457,Lakatoro,VU,-16.0999,167.4164,80.82,84,100,16.33,moderate rain
458,Innisfail,AU,-17.5333,146.0333,79.0,86,100,2.77,overcast clouds
459,Coahuayana,MX,18.7333,-103.6833,69.82,84,53,3.09,broken clouds
460,Stephenville,US,32.2207,-98.2023,44.92,51,0,0.0,clear sky
461,Esperanza,DO,19.5847,-70.9849,73.98,84,18,1.01,few clouds
462,Port Macquarie,AU,-31.4333,152.9167,82.36,66,47,12.12,scattered clouds
463,Pak Phanang,TH,8.3511,100.202,89.04,71,38,3.96,scattered clouds
464,Hoi An,VN,15.8794,108.335,82.36,70,4,2.19,clear sky
465,Cooma,AU,-36.2333,149.1333,66.11,93,100,0.98,light rain
466,Misratah,LY,32.3754,15.0925,52.23,61,0,15.32,clear sky
467,Chikhli,IN,20.35,76.25,66.29,26,0,5.57,clear sky
468,Polson,US,47.6936,-114.1632,21.49,84,31,1.07,scattered clouds
469,Sept-Iles,CA,50.2001,-66.3821,-12.17,88,7,7.76,clear sky
470,Gobabis,NA,-22.45,18.9667,69.85,67,9,6.29,clear sky
471,Kurikka,FI,62.6167,22.4167,26.06,73,99,11.77,overcast clouds
472,Micheweni,TZ,-4.9667,39.8333,79.07,79,70,5.95,broken clouds
473,Oranjemund,NA,-28.55,16.4333,62.35,92,8,13.89,clear sky
474,Constantine,DZ,36.365,6.6147,29.61,80,0,0.0,clear sky
475,Buta,CD,2.7858,24.73,64.26,47,61,0.49,broken clouds
476,Townsville,AU,-19.25,146.8,83.28,79,75,12.66,broken clouds
477,Berlevag,NO,70.8578,29.0864,29.73,61,100,12.8,overcast clouds
478,Krasnogorsk,RU,55.8225,37.3181,21.54,86,100,8.95,mist
479,Tiarei,PF,-17.5333,-149.3333,82.42,75,8,17.16,light rain
480,Utete,TZ,-7.986,38.758,74.34,90,100,0.81,overcast clouds
481,Prince Rupert,CA,54.3161,-130.3201,40.21,95,100,9.08,overcast clouds
482,Norman Wells,CA,65.282,-126.8329,-8.95,98,100,6.26,overcast clouds
483,Poum,NC,-20.2333,164.0167,82.67,74,82,9.64,broken clouds
484,Mount Pleasant,US,32.7941,-79.8626,41.18,65,75,1.99,broken clouds
485,Oarai,JP,36.3167,140.6,46.85,48,91,5.1,overcast clouds
486,Fort-Shevchenko,KZ,44.5086,50.263,34.75,71,97,11.18,overcast clouds
487,Sinnamary,GF,5.3833,-52.95,75.02,87,33,6.55,scattered clouds
488,Asau,RO,46.4333,26.4,31.28,92,62,4.54,broken clouds
489,Dakar,SN,14.6937,-17.4441,68.88,74,100,19.86,overcast clouds
490,Kibre Mengist,ET,5.8833,38.9833,52.29,48,100,3.02,overcast clouds
491,Pasni,PK,25.2631,63.471,67.24,61,0,7.07,clear sky
492,Taoudenni,ML,22.6783,-3.9836,68.47,12,100,10.63,overcast clouds
493,General Roca,AR,-39.0333,-67.5833,77.4,25,23,9.4,few clouds
494,Nantou,TW,23.8342,120.927,63.48,70,98,3.0,light rain
495,Palmer,US,42.1584,-72.3287,30.22,72,100,3.0,overcast clouds
496,Hibbing,US,47.4272,-92.9377,-7.56,84,0,0.0,clear sky
497,Oktyabrskiy,RU,54.4815,53.471,-0.72,99,94,2.33,overcast clouds
498,Borogontsy,RU,62.6683,131.1683,-20.7,92,100,3.06,overcast clouds
499,Novyy Urgal,RU,51.0736,132.5642,-13.23,87,88,0.54,overcast clouds
500,Tsogni,GA,-2.7942,10.0988,74.25,91,98,2.48,overcast clouds
501,Olafsvik,IS,64.8945,-23.7142,26.46,63,23,16.33,few clouds
502,Qasigiannguit,GL,68.8193,-51.1922,21.45,61,100,27.11,overcast clouds
503,Deep River,CA,46.1001,-77.4995,-16.06,97,11,1.66,few clouds
504,Sao Joao Da Barra,BR,-21.6403,-41.0511,75.78,90,60,16.64,broken clouds
505,Shache,CN,38.4167,77.2406,29.71,35,99,0.25,overcast clouds
506,Dzhebariki-Khaya,RU,62.2167,135.8,-26.18,92,45,2.06,scattered clouds
507,Houma,US,29.5958,-90.7195,42.01,65,0,5.17,clear sky
508,Penalva,BR,-3.2942,-45.1736,71.73,99,100,2.75,moderate rain
509,Yaguachi,EC,-2.1167,-79.6833,73.71,96,100,1.5,overcast clouds
510,Starobaltachevo,RU,56.0013,55.9213,1.17,96,90,2.98,overcast clouds
511,Olinda,BR,-8.0089,-34.8553,73.13,94,75,4.61,moderate rain
512,Maputo,MZ,-25.9653,32.5892,73.08,91,75,5.01,broken clouds
513,Les Cayes,HT,18.2,-73.75,72.27,84,1,3.15,clear sky
514,Kubachi,RU,42.086,47.6034,14.23,66,0,6.53,clear sky
515,Langres,FR,47.8333,5.3333,32.2,92,61,4.7,broken clouds
516,Puteyets,RU,65.1716,57.091,4.1,93,100,11.32,overcast clouds
517,Pangai,TO,-19.8,-174.35,83.21,76,99,15.32,light rain
518,Kalakamati,BW,-20.5929,27.3121,64.6,95,88,7.14,light rain
519,Colares,PT,38.7992,-9.4469,53.29,44,0,5.01,clear sky
520,Mahibadhoo,MV,3.7833,72.9667,81.36,64,74,14.27,broken clouds
521,Chateaubelair,VC,13.2833,-61.25,75.81,79,15,9.1,few clouds
522,Mombetsu,JP,44.3525,143.3525,28.85,93,75,1.14,broken clouds
523,Plettenberg Bay,ZA,-34.0527,23.3716,60.71,78,27,3.36,scattered clouds
524,Totness,SR,5.8833,-56.3167,75.11,80,39,8.48,scattered clouds
525,Wanning,CN,18.8003,110.3967,74.52,82,94,10.13,overcast clouds
526,San Juan,AR,-31.5375,-68.5364,78.94,49,22,2.42,few clouds
527,Shakawe,BW,-18.3667,21.85,67.41,96,100,3.83,overcast clouds
528,Luena,AO,-11.7833,19.9167,60.01,96,100,3.89,overcast clouds
529,Sheltozero,RU,61.3667,35.3667,11.8,98,100,4.79,overcast clouds
530,Darhan,MN,49.4867,105.9228,-5.82,92,65,1.19,broken clouds
531,Ushtobe,KZ,45.2514,77.9838,21.27,61,100,5.61,overcast clouds
532,Tamiahua,MX,21.2667,-97.45,55.63,90,100,20.13,overcast clouds
533,Nishihara,JP,26.1842,127.7558,64.45,97,100,9.22,light rain
534,Kargil,IN,34.5667,76.1,-8.18,88,57,0.76,broken clouds
535,Ullapool,GB,57.8987,-5.1604,55.76,93,100,31.25,light rain
536,Zhigansk,RU,66.7697,123.3711,-7.33,96,98,19.71,overcast clouds
537,Huilong,CN,31.8111,121.655,43.03,58,100,11.77,light rain
538,Bilibino,RU,68.0546,166.4372,-6.95,94,100,3.38,overcast clouds
539,Beringovskiy,RU,63.05,179.3167,-0.92,98,99,0.47,overcast clouds
540,Nantucket,US,41.2835,-70.0995,36.14,84,100,20.0,light snow
541,Ankang,CN,32.68,109.0172,40.71,70,100,1.9,overcast clouds
542,Grand Forks,US,47.9417,-97.4337,10.08,85,100,8.05,overcast clouds
543,Zahir Pir,PK,28.8124,70.524,59.86,25,0,7.38,clear sky
544,Lakes Entrance,AU,-37.8811,147.981,73.58,95,100,5.86,overcast clouds
545,Cordele,US,31.9635,-83.7824,42.35,56,0,6.91,clear sky
546,Darnah,LY,32.767,22.6367,52.47,79,8,11.21,clear sky
547,Myaundzha,RU,63.0494,147.1858,3.27,89,100,4.5,overcast clouds
548,Iskateley,RU,67.6803,53.1512,4.23,93,100,11.92,overcast clouds
549,Ayagoz,KZ,47.9714,80.4392,-4.14,86,20,2.91,few clouds
550,San Patricio,US,28.017,-97.5169,51.66,49,0,5.99,clear sky
551,Srednekolymsk,RU,67.45,153.6833,-9.35,97,100,2.68,overcast clouds
552,Port Hawkesbury,CA,45.6169,-61.3485,35.19,92,100,5.01,light snow
553,Ouahigouya,BF,13.5828,-2.4216,67.55,22,8,11.39,clear sky
554,Axim,GH,4.8699,-2.2405,77.0,84,44,2.42,scattered clouds
555,Pisco,PE,-13.7,-76.2167,68.05,73,0,3.44,clear sky
556,Calbuco,CL,-41.768,-73.1273,56.41,85,0,4.61,clear sky
557,Myitkyina,MM,25.3833,97.4,67.69,51,1,3.33,clear sky
558,Little Current,CA,45.9793,-81.9248,-0.35,88,2,2.21,clear sky
559,Rosita,NI,13.9268,-84.4032,70.45,98,86,3.15,overcast clouds
560,Mullovka,RU,54.2,49.4,12.02,100,98,3.36,overcast clouds
561,Laerdalsoyri,NO,61.098,7.4816,34.93,98,100,5.79,light snow
562,Aden,YE,12.7794,45.0367,75.65,75,95,9.24,overcast clouds
563,Galveston,US,29.3669,-94.9669,52.95,60,0,8.68,clear sky
564,Santa Rosa,PH,14.3122,121.1114,91.11,68,9,4.05,clear sky
565,Aykhal,RU,66.0,111.5,-13.85,100,91,6.08,overcast clouds
566,Farah,AF,32.5,62.5,46.15,52,9,4.5,clear sky
567,Storforshei,NO,66.4043,14.5233,24.55,95,100,7.14,light snow
568,Gambela,ET,8.25,34.5833,74.84,40,2,3.33,clear sky
569,Nouadhibou,MR,20.931,-17.0347,58.98,88,97,14.97,overcast clouds
570,Road Town,VG,18.4167,-64.6167,75.0,68,3,14.97,clear sky
571,Zyryanka,RU,65.75,150.85,-8.54,97,100,10.36,light snow
572,Aksarka,RU,66.5606,67.7975,-1.75,96,100,8.12,overcast clouds
573,Iraquara,BR,-12.2486,-41.6194,66.0,95,99,1.88,overcast clouds
574,Medea,DZ,36.2642,2.7539,23.45,55,0,2.59,clear sky
575,Flinders,AU,-34.5833,150.8552,89.8,68,84,5.01,moderate rain
576,Barra Do Garcas,BR,-15.89,-52.2567,70.57,98,85,3.8,overcast clouds
577,Opuwo,NA,-18.0607,13.84,61.18,56,24,3.71,few clouds
578,Tromso,NO,69.6496,18.957,17.62,79,0,4.61,clear sky
579,Puerto Escondido,MX,15.85,-97.0667,76.71,83,18,5.23,few clouds
580,Broken Hill,AU,-31.95,141.4333,87.46,43,2,6.33,clear sky
581,Korhogo,CI,9.45,-5.6333,70.43,21,6,4.0,clear sky
582,Zhuanghe,CN,39.7008,122.9911,27.73,29,0,7.9,clear sky
583,Qandala,SO,11.472,49.8728,72.79,69,85,3.65,overcast clouds
584,Mbabane,SZ,-26.3167,31.1333,60.67,98,100,2.15,light rain
585,Huehuetan,MX,15.0167,-92.3667,72.01,76,0,4.14,clear sky
586,Birao,CF,10.2849,22.7882,62.69,15,35,10.54,scattered clouds
587,Rakiv Lis,UA,51.6217,24.9243,27.07,80,89,15.68,overcast clouds
588,Manakara,MG,-22.1333,48.0167,72.75,77,5,2.53,clear sky
589,Nouakchott,MR,18.0858,-15.9785,66.13,56,100,13.13,overcast clouds
590,Gadwal,IN,16.2333,77.8,72.16,26,25,9.73,scattered clouds
591,Port Blair,IN,11.6667,92.75,84.24,74,75,12.66,broken clouds
592,Katherine,AU,-14.4667,132.2667,88.12,66,97,19.57,overcast clouds
593,Quang Ngai,VN,15.1167,108.8,81.45,65,6,2.86,clear sky
594,Yaan,NG,7.3833,8.5667,77.94,21,98,10.18,overcast clouds
595,Sideropolis,BR,-28.5978,-49.4244,63.54,96,97,1.12,overcast clouds
596,Kothen,DE,51.75,11.9667,40.66,82,99,15.46,overcast clouds
597,Baherden,TM,38.4362,57.4316,37.06,79,25,6.91,scattered clouds
598,Alta Floresta,BR,-9.8756,-56.0861,69.71,99,100,2.91,overcast clouds
599,Klaksvik,FO,62.2266,-6.589,40.12,96,100,18.41,overcast clouds
600,Tezu,IN,27.9167,96.1667,66.2,24,0,4.29,clear sky
601,Alghero,IT,40.5589,8.3181,35.69,100,0,3.44,clear sky
602,Rey Bouba,CM,8.6724,14.1786,65.1,26,83,2.19,broken clouds
603,Kupang,ID,-10.1667,123.5833,84.78,84,75,8.05,broken clouds
604,Lavrentiya,RU,65.5833,-171.0,-8.52,94,32,4.56,scattered clouds
605,Andros Town,BS,24.7,-77.7667,71.56,73,97,15.08,overcast clouds
606,Mamallapuram,IN,12.6264,80.1722,80.65,65,78,17.13,broken clouds
607,Daru,PG,-9.0763,143.2092,88.92,57,91,4.41,overcast clouds
608,Najran,SA,17.4924,44.1277,52.72,33,89,1.25,overcast clouds
609,Batala,IN,31.8186,75.2028,53.38,69,0,4.21,clear sky
610,Caraquet,CA,47.7941,-64.9386,1.98,88,100,9.62,overcast clouds
611,Auki,SB,-8.7676,160.7034,80.42,81,100,3.2,overcast clouds
612,Ust-Tsilma,RU,65.441,52.1498,10.22,95,100,8.16,light snow
613,Noumea,NC,-22.2763,166.4572,81.0,99,100,15.35,light rain
614,Hay River,CA,60.8156,-115.7999,-2.22,84,75,3.44,light snow
615,Purwodadi,ID,-7.0868,110.9158,87.51,69,89,10.38,overcast clouds
616,Manikling,PH,6.8791,126.0606,87.71,71,80,2.8,broken clouds
617,San Cristobal,VE,7.7669,-72.225,71.78,83,4,3.11,clear sky
618,Moron,AR,-34.6534,-58.6198,71.98,84,0,6.38,clear sky
619,Botwood,CA,49.1499,-55.3482,26.08,85,100,8.86,overcast clouds
620,La Huacana,MX,18.9667,-101.8167,71.74,58,10,3.47,clear sky
621,Charters Towers,AU,-20.1,146.2667,83.52,63,96,15.26,overcast clouds
622,Moree,AU,-29.4667,149.85,89.62,35,40,8.05,scattered clouds
623,Xiuyan,CN,40.2928,123.2744,25.12,29,0,14.05,clear sky
624,Bahia Blanca,AR,-38.7196,-62.2724,73.45,47,0,16.53,clear sky
625,Sao Felix Do Xingu,BR,-6.6447,-51.995,70.65,99,100,1.05,overcast clouds
626,Otjimbingwe,NA,-22.35,16.1333,73.71,45,75,3.24,broken clouds
627,Barbalha,BR,-7.3111,-39.3042,71.4,94,75,5.75,broken clouds
628,Malakal,SS,9.5334,31.6605,67.82,16,1,9.98,clear sky
629,Taltal,CL,-25.4,-70.4833,65.73,80,7,1.57,clear sky
630,Charagua,BO,-19.8,-63.2167,70.7,71,95,4.92,overcast clouds
631,Tecoanapa,MX,16.5167,-98.75,77.94,75,7,2.95,clear sky
632,Riyadh,SA,24.6877,46.7219,48.34,35,0,5.1,clear sky
633,Vestmannaeyjar,IS,63.4427,-20.2734,25.75,68,58,27.98,broken clouds
634,Bilma,NE,18.6853,12.9164,53.35,23,0,11.03,clear sky
635,Swindon,GB,51.558,-1.7812,51.53,94,100,7.0,overcast clouds
636,Wichian Buri,TH,15.6578,101.106,89.62,44,52,8.52,broken clouds
637,Honiara,SB,-9.4333,159.95,84.09,69,100,6.76,overcast clouds
638,Makakilo City,US,21.3469,-158.0858,75.29,71,100,6.91,overcast clouds
639,Luancheng,CN,37.8792,114.6517,35.76,43,0,2.51,clear sky
640,Puri,IN,19.8,85.85,66.72,49,10,7.9,clear sky
641,Tigil,RU,57.8,158.6667,31.33,71,96,16.62,overcast clouds
642,Chapais,CA,49.7834,-74.8492,-29.42,100,26,3.2,scattered clouds
643,Maragogi,BR,-9.0122,-35.2225,76.24,86,100,8.12,light rain
644,Asyut,EG,27.181,31.1837,44.19,63,0,5.28,clear sky
645,Waw,SS,7.7029,27.9953,64.35,26,52,4.92,broken clouds
646,Virginia Beach,US,36.8529,-75.978,34.02,95,100,1.01,snow
647,Conakry,GN,9.538,-13.6773,69.37,77,7,10.67,clear sky
648,Ocampo,MX,21.65,-101.5,43.36,93,35,13.96,scattered clouds
649,Pithora,IN,21.2667,82.5167,65.39,30,0,0.92,clear sky
650,Chumphon,TH,10.3333,98.8333,86.11,42,5,2.13,clear sky
651,Korla,CN,41.7597,86.1469,24.4,56,1,5.53,clear sky
652,Trairi,BR,-3.2778,-39.2689,71.8,89,100,3.69,overcast clouds
653,Subate,LV,56.0062,25.9076,24.46,87,97,9.06,overcast clouds
654,Marivan,IR,35.5219,46.176,13.24,91,21,7.14,few clouds
655,North Myrtle Beach,US,33.816,-78.68,40.1,65,75,5.75,broken clouds
656,Pindorama,BR,-21.1858,-48.9072,69.85,96,100,3.83,overcast clouds
657,Puerto Ayacucho,VE,5.6639,-67.6236,75.65,48,72,5.95,broken clouds
658,George,ZA,-33.963,22.4617,54.95,94,20,3.44,few clouds
659,Vostok,RU,46.4856,135.8833,-2.88,86,100,11.63,overcast clouds
660,Grants,US,35.1473,-107.8514,19.63,73,0,4.61,clear sky
661,Cavalcante,BR,-13.7975,-47.4583,65.93,89,82,0.92,broken clouds
662,Adeje,ES,28.1227,-16.726,62.56,56,20,1.99,few clouds
663,Buraydah,SA,26.326,43.975,50.45,38,97,7.87,overcast clouds
664,Inhambane,MZ,-23.865,35.3833,76.17,80,66,2.24,broken clouds
665,Roald,NO,62.5833,6.1333,45.09,100,100,21.85,overcast clouds
666,Moyale,KE,3.5167,39.0584,68.52,31,45,6.58,scattered clouds
667,Mezen,RU,65.8522,44.24,11.28,96,99,6.17,overcast clouds
668,Mae Sai,TH,20.4335,99.8762,78.44,37,8,1.79,clear sky
669,Seymchan,RU,62.8833,152.4333,-2.49,94,100,7.92,overcast clouds
670,Shenjiamen,CN,29.9576,122.298,44.29,74,100,15.59,overcast clouds
671,Bereda,ES,43.2686,-7.5406,36.41,97,30,1.39,scattered clouds
672,Huarmey,PE,-10.0681,-78.1522,70.38,84,100,7.4,overcast clouds
673,Trondheim,NO,63.4305,10.3951,44.01,90,100,1.01,overcast clouds
674,Ormara,PK,25.2088,64.6357,67.91,63,0,5.53,clear sky
675,Tachov,CZ,49.7953,12.6337,35.47,95,100,15.01,overcast clouds
676,Bang Saphan,TH,11.2126,99.5117,87.75,48,9,2.06,clear sky
677,Fare,PF,-16.7,-151.0167,81.7,73,0,15.99,clear sky
678,Springdale,US,36.1867,-94.1288,26.08,69,0,3.44,clear sky
679,Kasane,BW,-17.8167,25.15,69.89,88,100,6.91,overcast clouds
680,Sabile,LV,57.0458,22.5726,27.12,86,99,4.56,overcast clouds
681,Kita,ML,13.0349,-9.4895,73.78,18,13,3.06,few clouds
682,Ajdabiya,LY,30.7554,20.2263,54.43,71,34,11.54,scattered clouds
683,Manyana,BW,-23.4,21.7167,68.38,82,14,7.45,few clouds
684,Vanimo,PG,-2.6741,141.3028,84.27,69,91,6.31,overcast clouds
685,Utiel,ES,39.5667,-1.2,37.65,36,0,5.1,clear sky
686,Nurota,UZ,40.5614,65.6886,32.09,75,97,16.2,overcast clouds
